variante,entrada_utc,dir,entry,stop_inicial,riesgo,exit,motivo,pnl,edad_al_tocar_velas,apilamiento,liquidez,tenia_fvg,rr_objetivo,rr_dinamico_disponible
A_control_edad12h3_fvg,2025-09-19 16:00:00,LONG,24806.0,24732.0,74.0,24820.8,BE,79.8,11,1,,True,4.0,False
A_control_edad12h3_fvg,2025-09-22 13:15:00,LONG,24814.75,24764.75,50.0,25014.75,TP,1191.0,1,2,,True,4.0,False
A_control_edad12h3_fvg,2025-09-23 12:15:00,SHORT,24995.25,25012.75,17.5,24991.75,BE,12.0,4,1,,True,4.0,False
A_control_edad12h3_fvg,2025-09-23 13:30:00,SHORT,24954.5,25011.75,57.25,24943.05,BE,59.7,8,1,,True,4.0,False
A_control_edad12h3_fvg,2025-09-24 13:00:00,SHORT,24874.5,24898.5,24.0,24898.5,STOP,-153.0,1,1,,True,4.0,False
A_control_edad12h3_fvg,2025-09-25 15:15:00,SHORT,24598.75,24657.75,59.0,24657.75,STOP,-363.0,7,0,,True,4.0,False
A_control_edad12h3_fvg,2025-09-26 14:30:00,LONG,24626.75,24537.0,89.75,24644.7,BE,98.7,8,1,,True,4.0,False
A_control_edad12h3_fvg,2025-09-29 13:15:00,SHORT,24851.25,24899.5,48.25,24899.5,STOP,-298.5,10,0,,True,4.0,False
A_control_edad12h3_fvg,2025-09-30 14:45:00,LONG,24842.75,24786.5,56.25,24786.5,STOP,-346.5,2,1,,True,4.0,False
A_control_edad12h3_fvg,2025-09-30 16:45:00,SHORT,24783.5,24843.75,60.25,24771.45,BE,63.3,7,0,,True,4.0,False
A_control_edad12h3_fvg,2025-10-01 13:00:00,LONG,24787.0,24719.0,68.0,24800.6,BE,72.6,5,1,,True,4.0,False
A_control_edad12h3_fvg,2025-10-06 16:00:00,SHORT,25186.5,25220.0,33.5,25220.0,STOP,-210.0,2,0,,True,4.0,False
A_control_edad12h3_fvg,2025-10-07 12:15:00,LONG,25213.25,25177.5,35.75,25220.4,BE,33.9,1,0,,True,4.0,False
A_control_edad12h3_fvg,2025-10-08 13:30:00,LONG,25132.75,25056.5,76.25,25148.0,BE,82.5,5,3,,True,4.0,False
A_control_edad12h3_fvg,2025-10-13 12:45:00,SHORT,24786.75,24858.0,71.25,24858.0,STOP,-436.5,5,1,,True,4.0,False
A_control_edad12h3_fvg,2025-10-13 14:15:00,SHORT,24824.5,24906.5,82.0,24808.1,BE,89.4,10,1,,True,4.0,False
A_control_edad12h3_fvg,2025-10-16 12:30:00,LONG,25095.0,25003.75,91.25,25113.25,BE,100.5,9,1,,True,4.0,False
A_control_edad12h3_fvg,2025-10-22 13:15:00,SHORT,25265.25,25307.0,41.75,25256.9,BE,41.1,8,2,,True,4.0,False
A_control_edad12h3_fvg,2025-10-28 12:45:00,LONG,26012.5,25988.5,24.0,26017.3,BE,19.8,1,1,,True,4.0,False
A_control_edad12h3_fvg,2025-10-28 15:45:00,LONG,26060.5,25988.5,72.0,26074.9,BE,77.4,11,1,,True,4.0,False
A_control_edad12h3_fvg,2025-10-31 12:15:00,LONG,26262.75,26190.25,72.5,26190.25,STOP,-444.0,1,0,,True,4.0,False
A_control_edad12h3_fvg,2025-11-11 15:00:00,SHORT,25571.75,25639.25,67.5,25558.25,BE,72.0,3,0,,True,4.0,False
A_control_edad12h3_fvg,2025-11-11 17:30:00,LONG,25584.25,25501.5,82.75,25600.8,BE,90.3,1,0,,True,4.0,False
A_control_edad12h3_fvg,2025-11-17 15:00:00,SHORT,25126.75,25218.0,91.25,25108.5,BE,100.5,10,0,,True,4.0,False
A_control_edad12h3_fvg,2025-11-27 13:45:00,SHORT,25300.5,25317.5,17.0,25297.1,BE,11.4,3,0,,True,4.0,False
A_control_edad12h3_fvg,2025-11-28 15:30:00,LONG,25389.25,25331.75,57.5,25400.75,BE,60.0,7,0,,True,4.0,False
A_control_edad12h3_fvg,2025-12-01 14:15:00,SHORT,25254.75,25307.0,52.25,25307.0,STOP,-322.5,7,0,,True,4.0,False
A_control_edad12h3_fvg,2025-12-12 14:15:00,SHORT,25559.75,25614.0,54.25,25614.0,STOP,-334.5,7,0,,True,4.0,False
A_control_edad12h3_fvg,2025-12-17 14:00:00,SHORT,25187.75,25257.25,69.5,24909.75,TP,1659.0,1,0,,True,4.0,False
B_sin_limite_edad_solo_fvg,2025-09-19 15:30:00,LONG,24747.0,24706.0,41.0,24755.2,BE,40.2,61,0,,True,4.0,False
B_sin_limite_edad_solo_fvg,2025-09-22 13:15:00,LONG,24814.75,24746.5,68.25,24828.4,BE,72.9,18,0,,True,4.0,False
B_sin_limite_edad_solo_fvg,2025-09-25 15:15:00,SHORT,24598.75,24657.75,59.0,24657.75,STOP,-363.0,7,0,,True,4.0,False
B_sin_limite_edad_solo_fvg,2025-09-26 15:45:00,SHORT,24580.75,24632.75,52.0,24632.75,STOP,-321.0,101,0,,True,4.0,False
B_sin_limite_edad_solo_fvg,2025-09-29 13:15:00,SHORT,24851.25,24896.0,44.75,24896.0,STOP,-277.5,518,0,,True,4.0,False
B_sin_limite_edad_solo_fvg,2025-09-30 16:45:00,SHORT,24783.5,24881.75,98.25,24763.85,BE,108.9,620,0,,True,4.0,False
B_sin_limite_edad_solo_fvg,2025-10-06 13:15:00,LONG,25214.25,25169.5,44.75,25169.5,STOP,-277.5,104,1,,True,4.0,False
B_sin_limite_edad_solo_fvg,2025-10-09 13:00:00,SHORT,25316.0,25347.75,31.75,25309.65,BE,29.1,17,1,,True,4.0,False
B_sin_limite_edad_solo_fvg,2025-10-10 13:30:00,LONG,25368.5,25291.75,76.75,25291.75,STOP,-469.5,121,0,,True,4.0,False
B_sin_limite_edad_solo_fvg,2025-10-13 15:00:00,LONG,24829.0,24729.25,99.75,24848.95,BE,110.7,1535,0,,True,4.0,False
B_sin_limite_edad_solo_fvg,2025-10-15 13:30:00,SHORT,24941.75,25006.25,64.5,25006.25,STOP,-396.0,1528,0,,True,4.0,False
B_sin_limite_edad_solo_fvg,2025-10-16 12:30:00,LONG,25095.0,25008.75,86.25,25112.25,BE,94.5,973,0,,True,4.0,False
B_sin_limite_edad_solo_fvg,2025-10-20 12:30:00,LONG,25101.5,25056.75,44.75,25280.5,TP,1065.0,1127,1,,True,4.0,False
B_sin_limite_edad_solo_fvg,2025-10-20 14:45:00,LONG,25314.25,25259.0,55.25,25325.3,BE,57.3,723,0,,True,4.0,False
B_sin_limite_edad_solo_fvg,2025-10-22 13:00:00,LONG,25272.75,25216.5,56.25,25216.5,STOP,-346.5,1081,0,,True,4.0,False
B_sin_limite_edad_solo_fvg,2025-10-23 12:45:00,LONG,25008.0,24930.5,77.5,25318.0,TP,1851.0,2020,0,,True,4.0,False
B_sin_limite_edad_solo_fvg,2025-10-28 12:45:00,LONG,26012.5,25988.5,24.0,26017.3,BE,19.8,1,1,,True,4.0,False
B_sin_limite_edad_solo_fvg,2025-10-28 15:45:00,LONG,26060.5,25988.5,72.0,26074.9,BE,77.4,11,1,,True,4.0,False
B_sin_limite_edad_solo_fvg,2025-10-30 15:00:00,LONG,26070.75,25988.5,82.25,25988.5,STOP,-502.5,195,1,,True,4.0,False
B_sin_limite_edad_solo_fvg,2025-11-03 13:30:00,LONG,26175.25,26114.5,60.75,26187.4,BE,63.9,350,0,,True,4.0,False
B_sin_limite_edad_solo_fvg,2025-11-04 14:15:00,LONG,25741.5,25711.75,29.75,25711.75,STOP,-187.5,595,0,,True,4.0,False
B_sin_limite_edad_solo_fvg,2025-11-05 17:15:00,LONG,25788.5,25711.75,76.75,25803.85,BE,83.1,700,0,,True,4.0,False
B_sin_limite_edad_solo_fvg,2025-11-06 13:15:00,LONG,25811.5,25756.0,55.5,25756.0,STOP,-342.0,768,0,,True,4.0,False
B_sin_limite_edad_solo_fvg,2025-11-06 17:00:00,LONG,25257.5,25182.25,75.25,25272.55,BE,81.3,2116,0,,True,4.0,False
B_sin_limite_edad_solo_fvg,2025-11-07 13:45:00,LONG,25111.25,25056.75,54.5,25056.75,STOP,-336.0,2419,1,,True,4.0,False
B_sin_limite_edad_solo_fvg,2025-11-10 13:45:00,LONG,25555.25,25462.0,93.25,25573.9,BE,102.9,1012,0,,True,4.0,False
B_sin_limite_edad_solo_fvg,2025-11-11 15:00:00,SHORT,25571.75,25636.25,64.5,25558.85,BE,68.4,432,2,,True,4.0,False
B_sin_limite_edad_solo_fvg,2025-11-12 17:00:00,LONG,25556.0,25462.0,94.0,25574.8,BE,103.8,1207,0,,True,4.0,False
B_sin_limite_edad_solo_fvg,2025-11-14 13:15:00,SHORT,24709.5,24764.75,55.25,24698.45,BE,57.3,3781,0,,True,4.0,False
B_sin_limite_edad_solo_fvg,2025-11-14 16:45:00,LONG,25247.75,25174.5,73.25,25262.4,BE,78.9,2670,0,,True,4.0,False
B_sin_limite_edad_solo_fvg,2025-11-17 13:15:00,LONG,25097.5,25041.25,56.25,25041.25,STOP,-346.5,2988,0,,True,4.0,False
B_sin_limite_edad_solo_fvg,2025-11-20 13:30:00,LONG,25197.25,25104.0,93.25,25215.9,BE,102.9,3238,0,,True,4.0,False
B_sin_limite_edad_solo_fvg,2025-11-26 13:45:00,LONG,25215.0,25168.25,46.75,25224.35,BE,47.1,3540,0,,True,4.0,False
B_sin_limite_edad_solo_fvg,2025-11-26 17:45:00,SHORT,25338.5,25394.25,55.75,25327.35,BE,57.9,3204,0,,True,4.0,False
B_sin_limite_edad_solo_fvg,2025-11-27 13:30:00,LONG,25311.0,25263.5,47.5,25501.0,TP,1131.0,3297,1,,True,4.0,False
B_sin_limite_edad_solo_fvg,2025-12-08 14:00:00,LONG,25818.5,25779.75,38.75,25779.75,STOP,-241.5,2719,0,,True,4.0,False
B_sin_limite_edad_solo_fvg,2025-12-12 14:15:00,SHORT,25559.75,25636.25,76.5,25544.45,BE,82.8,2481,2,,True,4.0,False
B_sin_limite_edad_solo_fvg,2025-12-15 13:30:00,LONG,25357.75,25323.25,34.5,25364.65,BE,32.4,4298,0,,True,4.0,False
B_sin_limite_edad_solo_fvg,2025-12-16 16:30:00,LONG,25014.5,24970.5,44.0,25023.3,BE,43.8,5548,0,,True,4.0,False
B_sin_limite_edad_solo_fvg,2025-12-17 16:15:00,LONG,24838.75,24778.25,60.5,24778.25,STOP,-372.0,5726,0,,True,4.0,False
B_sin_limite_edad_solo_fvg,2025-12-17 17:15:00,LONG,24814.75,24732.0,82.75,24831.3,BE,90.3,5754,1,,True,4.0,False
B_sin_limite_edad_solo_fvg,2025-12-18 13:15:00,LONG,24879.0,24805.75,73.25,25172.0,TP,1749.0,5807,0,,True,4.0,False
B_sin_limite_edad_solo_fvg,2025-12-18 16:30:00,LONG,25159.25,25104.0,55.25,25104.0,STOP,-340.5,5023,0,,True,4.0,False
C_sin_edad_apilamiento2,2025-09-22 13:15:00,LONG,24814.75,24764.75,50.0,25014.75,TP,1191.0,1,2,,True,4.0,False
C_sin_edad_apilamiento2,2025-09-23 12:15:00,SHORT,24995.25,25016.5,21.25,24991.0,BE,16.5,20,2,,True,4.0,False
C_sin_edad_apilamiento2,2025-09-23 13:30:00,SHORT,24954.5,25016.5,62.0,24942.1,BE,65.4,24,2,,True,4.0,False
C_sin_edad_apilamiento2,2025-09-24 12:30:00,SHORT,24873.0,24895.5,22.5,24895.5,STOP,-144.0,19,2,,True,4.0,False
C_sin_edad_apilamiento2,2025-09-24 15:15:00,LONG,24794.0,24764.75,29.25,24764.75,STOP,-184.5,189,2,,True,4.0,False
C_sin_edad_apilamiento2,2025-09-29 13:15:00,SHORT,24851.25,24896.0,44.75,24896.0,STOP,-277.5,297,2,,True,4.0,False
C_sin_edad_apilamiento2,2025-09-29 15:45:00,SHORT,24849.0,24895.5,46.5,24839.7,BE,46.8,309,2,,True,4.0,False
C_sin_edad_apilamiento2,2025-09-30 12:30:00,LONG,24838.5,24764.75,73.75,24764.75,STOP,-451.5,552,2,,True,4.0,False
C_sin_edad_apilamiento2,2025-10-01 13:00:00,LONG,24787.0,24716.75,70.25,24801.05,BE,75.3,724,2,,True,4.0,False
C_sin_edad_apilamiento2,2025-10-02 15:45:00,LONG,25077.75,24991.0,86.75,25095.1,BE,95.1,668,3,,True,4.0,False
C_sin_edad_apilamiento2,2025-10-06 13:30:00,SHORT,25140.5,25223.75,83.25,25223.75,STOP,-508.5,102,2,,True,4.0,False
C_sin_edad_apilamiento2,2025-10-07 16:30:00,LONG,25073.75,25016.75,57.0,25016.75,STOP,-351.0,277,2,,True,4.0,False
C_sin_edad_apilamiento2,2025-10-08 13:00:00,LONG,25075.75,25016.75,59.0,25087.55,BE,61.8,357,2,,True,4.0,False
C_sin_edad_apilamiento2,2025-10-10 13:30:00,LONG,25368.5,25291.75,76.75,25291.75,STOP,-469.5,24,2,,True,4.0,False
C_sin_edad_apilamiento2,2025-10-13 13:00:00,LONG,24849.0,24764.75,84.25,24764.75,STOP,-514.5,1381,2,,True,4.0,False
C_sin_edad_apilamiento2,2025-10-13 15:00:00,LONG,24829.0,24743.75,85.25,24846.05,BE,93.3,1387,2,,True,4.0,False
C_sin_edad_apilamiento2,2025-10-15 13:30:00,SHORT,24941.75,25016.5,74.75,25016.5,STOP,-457.5,1494,2,,True,4.0,False
C_sin_edad_apilamiento2,2025-10-15 16:45:00,SHORT,24903.0,24971.5,68.5,24889.3,BE,73.2,1111,2,,True,4.0,False
C_sin_edad_apilamiento2,2025-10-16 12:30:00,LONG,25095.0,25016.75,78.25,25016.75,STOP,-478.5,909,2,,True,4.0,False
C_sin_edad_apilamiento2,2025-10-20 12:30:00,LONG,25101.5,25016.75,84.75,25118.45,BE,92.7,1095,2,,True,4.0,False
C_sin_edad_apilamiento2,2025-10-21 16:45:00,SHORT,25285.5,25378.75,93.25,25266.85,BE,102.9,648,3,,True,4.0,False
C_sin_edad_apilamiento2,2025-10-22 14:00:00,SHORT,25211.5,25283.0,71.5,24925.5,TP,1707.0,1004,2,,True,4.0,False
C_sin_edad_apilamiento2,2025-10-23 15:00:00,SHORT,25173.25,25196.0,22.75,25168.7,BE,18.3,1307,2,,True,4.0,False
C_sin_edad_apilamiento2,2025-10-23 16:00:00,LONG,25223.0,25133.0,90.0,25241.0,BE,99.0,1133,2,,True,4.0,False
C_sin_edad_apilamiento2,2025-10-28 16:15:00,LONG,26093.0,26004.0,89.0,26110.8,BE,97.8,1,2,,True,4.0,False
C_sin_edad_apilamiento2,2025-10-30 15:00:00,LONG,26070.75,26004.0,66.75,26004.0,STOP,-409.5,180,2,,True,4.0,False
C_sin_edad_apilamiento2,2025-10-31 12:30:00,SHORT,26219.5,26302.25,82.75,25888.5,TP,1977.0,174,2,,True,4.0,False
C_sin_edad_apilamiento2,2025-11-03 16:30:00,LONG,26078.75,26004.0,74.75,26093.7,BE,80.7,369,2,,True,4.0,False
C_sin_edad_apilamiento2,2025-11-05 17:15:00,LONG,25788.5,25698.5,90.0,25806.5,BE,99.0,90,2,,True,4.0,False
C_sin_edad_apilamiento2,2025-11-06 13:15:00,LONG,25811.5,25769.5,42.0,25769.5,STOP,-261.0,754,2,,True,4.0,False
C_sin_edad_apilamiento2,2025-11-07 13:45:00,LONG,25111.25,25016.75,94.5,25016.75,STOP,-576.0,2388,2,,True,4.0,False
C_sin_edad_apilamiento2,2025-11-11 15:00:00,SHORT,25571.75,25636.25,64.5,25558.85,BE,68.4,432,2,,True,4.0,False
C_sin_edad_apilamiento2,2025-11-12 16:30:00,SHORT,25549.5,25636.25,86.75,25532.15,BE,95.1,534,2,,True,4.0,False
C_sin_edad_apilamiento2,2025-11-13 17:15:00,LONG,25233.75,25169.75,64.0,25169.75,STOP,-393.0,2290,2,,True,4.0,False
C_sin_edad_apilamiento2,2025-11-14 13:45:00,LONG,24717.75,24622.5,95.25,24736.8,BE,105.3,3774,2,,True,4.0,False
C_sin_edad_apilamiento2,2025-11-14 15:00:00,SHORT,24895.0,24986.5,91.5,24986.5,STOP,-558.0,3133,2,,True,4.0,False
C_sin_edad_apilamiento2,2025-11-17 13:45:00,LONG,25078.0,25008.25,69.75,25008.25,STOP,-427.5,2945,2,,True,4.0,False
C_sin_edad_apilamiento2,2025-11-17 15:00:00,SHORT,25126.75,25218.0,91.25,25108.5,BE,100.5,2876,2,,True,4.0,False
C_sin_edad_apilamiento2,2025-11-25 13:30:00,SHORT,24876.25,24971.5,95.25,24857.2,BE,105.3,3776,2,,True,4.0,False
C_sin_edad_apilamiento2,2025-11-25 16:15:00,LONG,24854.25,24764.75,89.5,25212.25,TP,2139.0,4258,2,,True,4.0,False
C_sin_edad_apilamiento2,2025-12-01 16:15:00,LONG,25380.75,25297.75,83.0,25397.35,BE,90.6,3287,2,,True,4.0,False
C_sin_edad_apilamiento2,2025-12-03 15:45:00,SHORT,25562.5,25636.25,73.75,25547.75,BE,79.5,1844,2,,True,4.0,False
C_sin_edad_apilamiento2,2025-12-03 16:45:00,SHORT,25560.5,25636.25,75.75,25636.25,STOP,-463.5,1848,2,,True,4.0,False
C_sin_edad_apilamiento2,2025-12-04 15:45:00,SHORT,25569.75,25637.75,68.0,25556.15,BE,72.6,1936,2,,True,4.0,False
C_sin_edad_apilamiento2,2025-12-05 14:15:00,LONG,25679.5,25610.5,69.0,25693.3,BE,73.8,203,2,,True,4.0,False
C_sin_edad_apilamiento2,2025-12-08 14:00:00,LONG,25818.5,25769.5,49.0,25769.5,STOP,-303.0,2715,2,,True,4.0,False
C_sin_edad_apilamiento2,2025-12-09 16:45:00,LONG,25708.75,25610.5,98.25,25610.5,STOP,-598.5,398,2,,True,4.0,False
C_sin_edad_apilamiento2,2025-12-10 16:00:00,LONG,25610.25,25526.25,84.0,25627.05,BE,91.8,1748,2,,True,4.0,False
C_sin_edad_apilamiento2,2025-12-12 14:15:00,SHORT,25559.75,25636.25,76.5,25544.45,BE,82.8,2481,2,,True,4.0,False
C_sin_edad_apilamiento2,2025-12-16 16:30:00,LONG,25014.5,24970.5,44.0,25023.3,BE,43.8,5496,2,,True,4.0,False
D_gate_excluir_peligro,2025-09-25 15:15:00,SHORT,24598.75,24657.75,59.0,24657.75,STOP,-363.0,7,0,50.0,True,4.0,False
D_gate_excluir_peligro,2025-09-30 15:45:00,LONG,24810.75,24762.0,48.75,24820.5,BE,49.5,9,1,100.0,True,4.0,False
D_gate_excluir_peligro,2025-11-17 17:00:00,SHORT,25163.25,25216.0,52.75,25152.7,BE,54.3,12,0,50.0,True,4.0,False
D_gate_excluir_peligro,2025-11-28 15:30:00,LONG,25389.25,25331.75,57.5,25400.75,BE,60.0,11,0,50.0,True,4.0,False
E_gate_solo_favor,2025-09-30 15:45:00,LONG,24810.75,24762.0,48.75,24820.5,BE,49.5,9,1,100.0,True,4.0,False
F_sin_edad_solo_favor,2025-09-24 14:45:00,SHORT,24794.0,24862.5,68.5,24780.3,BE,73.2,217,1,100.0,True,4.0,False
F_sin_edad_solo_favor,2025-09-26 12:15:00,LONG,24647.5,24631.0,16.5,24713.5,TP,387.0,56,0,100.0,True,4.0,False
F_sin_edad_solo_favor,2025-09-26 13:45:00,LONG,24706.5,24631.0,75.5,24631.0,STOP,-462.0,61,0,100.0,True,4.0,False
F_sin_edad_solo_favor,2025-09-26 14:45:00,SHORT,24565.5,24638.25,72.75,24638.25,STOP,-445.5,99,0,100.0,True,4.0,False
F_sin_edad_solo_favor,2025-09-29 15:45:00,SHORT,24849.0,24895.5,46.5,24839.7,BE,46.8,310,1,100.0,True,4.0,False
F_sin_edad_solo_favor,2025-09-30 13:00:00,SHORT,24822.75,24881.75,59.0,24810.95,BE,61.8,611,0,100.0,True,4.0,False
F_sin_edad_solo_favor,2025-09-30 15:45:00,LONG,24810.75,24762.0,48.75,24820.5,BE,49.5,9,1,100.0,True,4.0,False
F_sin_edad_solo_favor,2025-10-03 15:45:00,LONG,25145.25,25104.0,41.25,25104.0,STOP,-256.5,108,0,100.0,True,4.0,False
F_sin_edad_solo_favor,2025-10-06 13:15:00,LONG,25214.25,25168.25,46.0,25168.25,STOP,-285.0,121,0,100.0,True,4.0,False
F_sin_edad_solo_favor,2025-10-06 14:45:00,LONG,25152.75,25086.0,66.75,25166.1,BE,71.1,40,0,100.0,True,4.0,False
F_sin_edad_solo_favor,2025-10-08 13:30:00,LONG,25132.75,25071.25,61.5,25378.75,TP,1467.0,211,2,100.0,True,4.0,False
F_sin_edad_solo_favor,2025-10-09 16:45:00,SHORT,25203.75,25262.25,58.5,25192.05,BE,61.2,258,0,100.0,True,4.0,False
F_sin_edad_solo_favor,2025-10-10 13:30:00,LONG,25368.5,25291.75,76.75,25291.75,STOP,-469.5,120,0,100.0,True,4.0,False
F_sin_edad_solo_favor,2025-10-13 13:00:00,LONG,24849.0,24783.5,65.5,24783.5,STOP,-402.0,1448,0,100.0,True,4.0,False
F_sin_edad_solo_favor,2025-10-13 15:45:00,LONG,24892.75,24821.25,71.5,24907.05,BE,76.8,953,1,100.0,True,4.0,False
F_sin_edad_solo_favor,2025-10-16 13:30:00,LONG,25091.5,25034.0,57.5,25034.0,STOP,-354.0,944,1,100.0,True,4.0,False
F_sin_edad_solo_favor,2025-10-16 14:45:00,SHORT,25107.25,25181.75,74.5,25092.35,BE,80.4,831,2,100.0,True,4.0,False
F_sin_edad_solo_favor,2025-10-20 15:15:00,LONG,25321.0,25287.25,33.75,25327.75,BE,31.5,668,1,100.0,True,4.0,False
F_sin_edad_solo_favor,2025-10-20 16:45:00,LONG,25314.75,25249.25,65.5,25327.85,BE,69.6,578,4,100.0,True,4.0,False
F_sin_edad_solo_favor,2025-10-21 13:30:00,SHORT,25256.0,25328.25,72.25,25241.55,BE,77.7,674,0,100.0,True,4.0,False
F_sin_edad_solo_favor,2025-10-21 15:45:00,LONG,25322.75,25263.5,59.25,25334.6,BE,62.1,812,1,100.0,True,4.0,False
F_sin_edad_solo_favor,2025-10-22 14:00:00,SHORT,25211.5,25283.0,71.5,24925.5,TP,1707.0,1073,0,100.0,True,4.0,False
F_sin_edad_solo_favor,2025-10-23 12:45:00,LONG,25008.0,24930.5,77.5,25318.0,TP,1851.0,2020,0,100.0,True,4.0,False
F_sin_edad_solo_favor,2025-10-29 14:30:00,SHORT,26278.0,26312.0,34.0,26271.2,BE,31.8,23,0,100.0,True,4.0,False
F_sin_edad_solo_favor,2025-10-31 15:15:00,SHORT,26136.75,26195.75,59.0,26124.95,BE,61.8,41,0,100.0,True,4.0,False
F_sin_edad_solo_favor,2025-11-03 13:30:00,LONG,26175.25,26114.5,60.75,26187.4,BE,63.9,349,0,100.0,True,4.0,False
F_sin_edad_solo_favor,2025-11-05 13:15:00,LONG,25561.25,25512.5,48.75,25571.0,BE,49.5,722,1,100.0,True,4.0,False
F_sin_edad_solo_favor,2025-11-06 13:45:00,SHORT,25767.0,25818.5,51.5,25561.0,TP,1227.0,755,0,100.0,True,4.0,False
F_sin_edad_solo_favor,2025-11-07 13:45:00,LONG,25111.25,25053.0,58.25,25053.0,STOP,-358.5,2086,0,100.0,True,4.0,False
F_sin_edad_solo_favor,2025-11-10 15:30:00,SHORT,25616.5,25680.75,64.25,25603.65,BE,68.1,351,1,100.0,True,4.0,False
F_sin_edad_solo_favor,2025-11-13 14:00:00,SHORT,25462.75,25539.0,76.25,25447.5,BE,82.5,611,0,100.0,True,4.0,False
F_sin_edad_solo_favor,2025-11-13 17:15:00,LONG,25233.75,25169.75,64.0,25169.75,STOP,-393.0,2575,0,100.0,True,4.0,False
F_sin_edad_solo_favor,2025-11-14 13:15:00,SHORT,24709.5,24764.75,55.25,24698.45,BE,57.3,3781,0,100.0,True,4.0,False
F_sin_edad_solo_favor,2025-11-17 13:15:00,LONG,25097.5,25011.5,86.0,25011.5,STOP,-525.0,2026,4,100.0,True,4.0,False
F_sin_edad_solo_favor,2025-11-19 16:45:00,LONG,24715.0,24646.75,68.25,24646.75,STOP,-418.5,3992,1,100.0,True,4.0,False
F_sin_edad_solo_favor,2025-11-20 13:30:00,LONG,25197.25,25127.0,70.25,25211.3,BE,75.3,41,0,100.0,True,4.0,False
F_sin_edad_solo_favor,2025-11-24 14:00:00,LONG,24570.0,24492.75,77.25,24585.45,BE,83.7,304,2,100.0,True,4.0,False
F_sin_edad_solo_favor,2025-11-25 16:15:00,LONG,24854.25,24772.0,82.25,24870.7,BE,89.7,4068,0,100.0,True,4.0,False
F_sin_edad_solo_favor,2025-11-25 17:15:00,LONG,24991.25,24895.5,95.75,25010.4,BE,105.9,4248,0,100.0,True,4.0,False
F_sin_edad_solo_favor,2025-11-26 13:45:00,LONG,25215.0,25177.5,37.5,25177.5,STOP,-234.0,3327,0,100.0,True,4.0,False
F_sin_edad_solo_favor,2025-11-26 15:30:00,LONG,25224.5,25182.25,42.25,25393.5,TP,1005.0,3402,0,100.0,True,4.0,False
F_sin_edad_solo_favor,2025-11-28 15:30:00,LONG,25389.25,25357.25,32.0,25395.65,BE,29.4,3322,0,100.0,True,4.0,False
F_sin_edad_solo_favor,2025-12-01 16:15:00,LONG,25380.75,25306.25,74.5,25395.65,BE,80.4,3358,1,100.0,True,4.0,False
F_sin_edad_solo_favor,2025-12-02 15:30:00,LONG,25622.0,25526.0,96.0,25641.2,BE,106.2,1407,0,100.0,True,4.0,False
F_sin_edad_solo_favor,2025-12-03 15:45:00,SHORT,25562.5,25648.75,86.25,25545.25,BE,94.5,1279,0,100.0,True,4.0,False
F_sin_edad_solo_favor,2025-12-03 17:00:00,LONG,25597.75,25532.75,65.0,25610.75,BE,69.0,1506,0,100.0,True,4.0,False
F_sin_edad_solo_favor,2025-12-08 14:15:00,SHORT,25791.25,25821.5,30.25,25821.5,STOP,-190.5,1585,1,100.0,True,4.0,False
F_sin_edad_solo_favor,2025-12-09 17:45:00,LONG,25717.25,25678.0,39.25,25725.1,BE,38.1,2090,0,100.0,True,4.0,False
F_sin_edad_solo_favor,2025-12-10 14:15:00,SHORT,25647.25,25678.75,31.5,25640.95,BE,28.8,487,1,100.0,True,4.0,False
F_sin_edad_solo_favor,2025-12-10 16:15:00,LONG,25647.25,25603.0,44.25,25656.1,BE,44.1,517,0,100.0,True,4.0,False
F_sin_edad_solo_favor,2025-12-11 14:00:00,LONG,25668.75,25626.25,42.5,25626.25,STOP,-264.0,2252,0,100.0,True,4.0,False
F_sin_edad_solo_favor,2025-12-11 17:15:00,LONG,25604.25,25542.0,62.25,25616.7,BE,65.7,1842,2,100.0,True,4.0,False
F_sin_edad_solo_favor,2025-12-15 13:30:00,LONG,25357.75,25306.25,51.5,25368.05,BE,52.8,4273,1,100.0,True,4.0,False
F_sin_edad_solo_favor,2025-12-16 17:45:00,SHORT,24960.5,25029.25,68.75,24946.75,BE,73.5,4135,0,100.0,True,4.0,False
F_sin_edad_solo_favor,2025-12-17 14:00:00,SHORT,25187.75,25276.25,88.5,24833.75,TP,2115.0,4432,0,100.0,True,4.0,False
G_rr_dinamico_nivel2,2025-09-19 16:00:00,LONG,24806.0,24732.0,74.0,24820.8,BE,79.8,11,1,,True,4.0,False
G_rr_dinamico_nivel2,2025-09-22 13:15:00,LONG,24814.75,24764.75,50.0,25014.75,TP,1191.0,1,2,,True,4.0,False
G_rr_dinamico_nivel2,2025-09-23 12:15:00,SHORT,24995.25,25012.75,17.5,24991.75,BE,12.0,4,1,,True,4.0,False
G_rr_dinamico_nivel2,2025-09-23 13:30:00,SHORT,24954.5,25011.75,57.25,24943.05,BE,59.7,8,1,,True,1.94,True
G_rr_dinamico_nivel2,2025-09-24 13:00:00,SHORT,24874.5,24898.5,24.0,24898.5,STOP,-153.0,1,1,,True,2.38,True
G_rr_dinamico_nivel2,2025-09-25 15:15:00,SHORT,24598.75,24657.75,59.0,24657.75,STOP,-363.0,7,0,,True,4.0,False
G_rr_dinamico_nivel2,2025-09-26 14:30:00,LONG,24626.75,24537.0,89.75,24644.7,BE,98.7,8,1,,True,1.8,True
G_rr_dinamico_nivel2,2025-09-29 13:15:00,SHORT,24851.25,24899.5,48.25,24899.5,STOP,-298.5,10,0,,True,2.01,True
G_rr_dinamico_nivel2,2025-09-30 14:45:00,LONG,24842.75,24786.5,56.25,24786.5,STOP,-346.5,2,1,,True,4.0,False
G_rr_dinamico_nivel2,2025-09-30 16:45:00,SHORT,24783.5,24843.75,60.25,24771.45,BE,63.3,7,0,,True,3.57,True
G_rr_dinamico_nivel2,2025-10-01 13:00:00,LONG,24787.0,24719.0,68.0,24800.6,BE,72.6,5,1,,True,1.8,True
G_rr_dinamico_nivel2,2025-10-06 16:00:00,SHORT,25186.5,25220.0,33.5,25220.0,STOP,-210.0,2,0,,True,1.85,True
G_rr_dinamico_nivel2,2025-10-07 12:15:00,LONG,25213.25,25177.5,35.75,25220.4,BE,33.9,1,0,,True,4.0,False
G_rr_dinamico_nivel2,2025-10-08 13:30:00,LONG,25132.75,25056.5,76.25,25265.5,TP,787.5,5,3,,True,1.74,True
G_rr_dinamico_nivel2,2025-10-13 12:45:00,SHORT,24786.75,24858.0,71.25,24858.0,STOP,-436.5,5,1,,True,1.9,True
G_rr_dinamico_nivel2,2025-10-13 14:15:00,SHORT,24824.5,24906.5,82.0,24808.1,BE,89.4,10,1,,True,2.11,True
G_rr_dinamico_nivel2,2025-10-16 12:30:00,LONG,25095.0,25003.75,91.25,25113.25,BE,100.5,9,1,,True,4.0,False
G_rr_dinamico_nivel2,2025-10-22 13:15:00,SHORT,25265.25,25307.0,41.75,25256.9,BE,41.1,8,2,,True,4.87,True
G_rr_dinamico_nivel2,2025-10-28 12:45:00,LONG,26012.5,25988.5,24.0,26017.3,BE,19.8,1,1,,True,4.0,False
G_rr_dinamico_nivel2,2025-10-28 15:45:00,LONG,26060.5,25988.5,72.0,26074.9,BE,77.4,11,1,,True,4.0,False
G_rr_dinamico_nivel2,2025-10-31 12:15:00,LONG,26262.75,26190.25,72.5,26190.25,STOP,-444.0,1,0,,True,1.89,True
G_rr_dinamico_nivel2,2025-11-11 15:00:00,SHORT,25571.75,25639.25,67.5,25558.25,BE,72.0,3,0,,True,1.71,True
G_rr_dinamico_nivel2,2025-11-11 17:30:00,LONG,25584.25,25501.5,82.75,25754.5,TP,1012.5,1,0,,True,2.06,True
G_rr_dinamico_nivel2,2025-11-17 15:00:00,SHORT,25126.75,25218.0,91.25,25108.5,BE,100.5,10,0,,True,1.88,True
G_rr_dinamico_nivel2,2025-11-27 13:45:00,SHORT,25300.5,25317.5,17.0,25297.1,BE,11.4,3,0,,True,6.72,True
G_rr_dinamico_nivel2,2025-11-28 15:30:00,LONG,25389.25,25331.75,57.5,25400.75,BE,60.0,7,0,,True,4.0,False
G_rr_dinamico_nivel2,2025-12-01 14:15:00,SHORT,25254.75,25307.0,52.25,25307.0,STOP,-322.5,7,0,,True,4.0,False
G_rr_dinamico_nivel2,2025-12-12 14:15:00,SHORT,25559.75,25614.0,54.25,25614.0,STOP,-334.5,7,0,,True,1.65,True
G_rr_dinamico_nivel2,2025-12-17 14:00:00,SHORT,25187.75,25257.25,69.5,25079.0,TP,643.5,1,0,,True,1.56,True
H_sin_edad_apilamiento2_rrdinamico,2025-09-22 13:15:00,LONG,24814.75,24764.75,50.0,25014.75,TP,1191.0,1,2,,True,4.0,False
H_sin_edad_apilamiento2_rrdinamico,2025-09-23 12:15:00,SHORT,24995.25,25016.5,21.25,24991.0,BE,16.5,20,2,,True,6.93,True
H_sin_edad_apilamiento2_rrdinamico,2025-09-23 13:30:00,SHORT,24954.5,25016.5,62.0,24942.1,BE,65.4,24,2,,True,1.79,True
H_sin_edad_apilamiento2_rrdinamico,2025-09-24 12:30:00,SHORT,24873.0,24895.5,22.5,24895.5,STOP,-144.0,19,2,,True,2.47,True
H_sin_edad_apilamiento2_rrdinamico,2025-09-24 15:15:00,LONG,24794.0,24764.75,29.25,24764.75,STOP,-184.5,189,2,,True,1.81,True
H_sin_edad_apilamiento2_rrdinamico,2025-09-29 13:15:00,SHORT,24851.25,24896.0,44.75,24896.0,STOP,-277.5,297,2,,True,2.16,True
H_sin_edad_apilamiento2_rrdinamico,2025-09-29 15:45:00,SHORT,24849.0,24895.5,46.5,24839.7,BE,46.8,309,2,,True,2.03,True
H_sin_edad_apilamiento2_rrdinamico,2025-09-30 12:30:00,LONG,24838.5,24764.75,73.75,24764.75,STOP,-451.5,552,2,,True,4.0,False
H_sin_edad_apilamiento2_rrdinamico,2025-10-01 13:00:00,LONG,24787.0,24716.75,70.25,24801.05,BE,75.3,724,2,,True,1.74,True
H_sin_edad_apilamiento2_rrdinamico,2025-10-02 15:45:00,LONG,25077.75,24991.0,86.75,25095.1,BE,95.1,668,3,,True,4.0,False
H_sin_edad_apilamiento2_rrdinamico,2025-10-06 13:30:00,SHORT,25140.5,25223.75,83.25,25223.75,STOP,-508.5,102,2,,True,1.76,True
H_sin_edad_apilamiento2_rrdinamico,2025-10-07 16:30:00,LONG,25073.75,25016.75,57.0,25016.75,STOP,-351.0,277,2,,True,1.62,True
H_sin_edad_apilamiento2_rrdinamico,2025-10-08 13:00:00,LONG,25075.75,25016.75,59.0,25087.55,BE,61.8,357,2,,True,1.53,True
H_sin_edad_apilamiento2_rrdinamico,2025-10-10 13:30:00,LONG,25368.5,25291.75,76.75,25291.75,STOP,-469.5,24,2,,True,4.0,False
H_sin_edad_apilamiento2_rrdinamico,2025-10-13 13:00:00,LONG,24849.0,24764.75,84.25,24764.75,STOP,-514.5,1381,2,,True,5.35,True
H_sin_edad_apilamiento2_rrdinamico,2025-10-13 15:00:00,LONG,24829.0,24743.75,85.25,24846.05,BE,93.3,1387,2,,True,5.52,True
H_sin_edad_apilamiento2_rrdinamico,2025-10-15 13:30:00,SHORT,24941.75,25016.5,74.75,25016.5,STOP,-457.5,1494,2,,True,2.05,True
H_sin_edad_apilamiento2_rrdinamico,2025-10-15 16:45:00,SHORT,24903.0,24971.5,68.5,24780.75,TP,724.5,1111,2,,True,1.78,True
H_sin_edad_apilamiento2_rrdinamico,2025-10-16 12:30:00,LONG,25095.0,25016.75,78.25,25016.75,STOP,-478.5,909,2,,True,4.0,False
H_sin_edad_apilamiento2_rrdinamico,2025-10-20 12:30:00,LONG,25101.5,25016.75,84.75,25118.45,BE,92.7,1095,2,,True,4.0,False
H_sin_edad_apilamiento2_rrdinamico,2025-10-21 16:45:00,SHORT,25285.5,25378.75,93.25,25266.85,BE,102.9,648,3,,True,2.13,True
H_sin_edad_apilamiento2_rrdinamico,2025-10-22 14:00:00,SHORT,25211.5,25283.0,71.5,25037.25,TP,1036.5,1004,2,,True,2.44,True
H_sin_edad_apilamiento2_rrdinamico,2025-10-23 15:00:00,SHORT,25173.25,25196.0,22.75,25168.7,BE,18.3,1307,2,,True,4.63,True
H_sin_edad_apilamiento2_rrdinamico,2025-10-23 16:00:00,LONG,25223.0,25133.0,90.0,25241.0,BE,99.0,1133,2,,True,4.0,False
H_sin_edad_apilamiento2_rrdinamico,2025-10-28 16:15:00,LONG,26093.0,26004.0,89.0,26110.8,BE,97.8,1,2,,True,4.0,False
H_sin_edad_apilamiento2_rrdinamico,2025-10-30 15:00:00,LONG,26070.75,26004.0,66.75,26004.0,STOP,-409.5,180,2,,True,1.79,True
H_sin_edad_apilamiento2_rrdinamico,2025-10-31 12:30:00,SHORT,26219.5,26302.25,82.75,25999.25,TP,1312.5,174,2,,True,2.66,True
H_sin_edad_apilamiento2_rrdinamico,2025-11-03 16:30:00,LONG,26078.75,26004.0,74.75,26093.7,BE,80.7,369,2,,True,1.54,True
H_sin_edad_apilamiento2_rrdinamico,2025-11-05 17:15:00,LONG,25788.5,25698.5,90.0,25806.5,BE,99.0,90,2,,True,3.74,True
H_sin_edad_apilamiento2_rrdinamico,2025-11-06 13:15:00,LONG,25811.5,25769.5,42.0,25769.5,STOP,-261.0,754,2,,True,1.96,True
H_sin_edad_apilamiento2_rrdinamico,2025-11-07 13:45:00,LONG,25111.25,25016.75,94.5,25016.75,STOP,-576.0,2388,2,,True,1.73,True
H_sin_edad_apilamiento2_rrdinamico,2025-11-11 15:00:00,SHORT,25571.75,25636.25,64.5,25558.85,BE,68.4,432,2,,True,1.79,True
H_sin_edad_apilamiento2_rrdinamico,2025-11-12 16:30:00,SHORT,25549.5,25636.25,86.75,25532.15,BE,95.1,534,2,,True,4.0,False
H_sin_edad_apilamiento2_rrdinamico,2025-11-13 17:15:00,LONG,25233.75,25169.75,64.0,25169.75,STOP,-393.0,2290,2,,True,5.59,True
H_sin_edad_apilamiento2_rrdinamico,2025-11-14 13:45:00,LONG,24717.75,24622.5,95.25,24736.8,BE,105.3,3774,2,,True,3.17,True
H_sin_edad_apilamiento2_rrdinamico,2025-11-14 15:00:00,SHORT,24895.0,24986.5,91.5,24986.5,STOP,-558.0,3133,2,,True,2.94,True
H_sin_edad_apilamiento2_rrdinamico,2025-11-17 13:45:00,LONG,25078.0,25008.25,69.75,25008.25,STOP,-427.5,2945,2,,True,2.39,True
H_sin_edad_apilamiento2_rrdinamico,2025-11-17 15:00:00,SHORT,25126.75,25218.0,91.25,25108.5,BE,100.5,2876,2,,True,1.88,True
H_sin_edad_apilamiento2_rrdinamico,2025-11-25 13:30:00,SHORT,24876.25,24971.5,95.25,24857.2,BE,105.3,3776,2,,True,4.41,True
H_sin_edad_apilamiento2_rrdinamico,2025-11-25 16:15:00,LONG,24854.25,24764.75,89.5,25319.75,TP,2784.0,4258,2,,True,5.2,True
H_sin_edad_apilamiento2_rrdinamico,2025-11-26 17:30:00,LONG,25366.75,25297.75,69.0,25297.75,STOP,-423.0,3088,2,,True,4.0,False
H_sin_edad_apilamiento2_rrdinamico,2025-12-01 16:15:00,LONG,25380.75,25297.75,83.0,25397.35,BE,90.6,3287,2,,True,3.83,True
H_sin_edad_apilamiento2_rrdinamico,2025-12-03 15:45:00,SHORT,25562.5,25636.25,73.75,25547.75,BE,79.5,1844,2,,True,1.92,True
H_sin_edad_apilamiento2_rrdinamico,2025-12-03 16:45:00,SHORT,25560.5,25636.25,75.75,25636.25,STOP,-463.5,1848,2,,True,1.84,True
H_sin_edad_apilamiento2_rrdinamico,2025-12-04 15:45:00,SHORT,25569.75,25637.75,68.0,25556.15,BE,72.6,1936,2,,True,2.19,True
H_sin_edad_apilamiento2_rrdinamico,2025-12-05 14:15:00,LONG,25679.5,25610.5,69.0,25693.3,BE,73.8,203,2,,True,4.0,False
H_sin_edad_apilamiento2_rrdinamico,2025-12-08 14:00:00,LONG,25818.5,25769.5,49.0,25769.5,STOP,-303.0,2715,2,,True,4.0,False
H_sin_edad_apilamiento2_rrdinamico,2025-12-09 16:45:00,LONG,25708.75,25610.5,98.25,25610.5,STOP,-598.5,398,2,,True,1.62,True
H_sin_edad_apilamiento2_rrdinamico,2025-12-10 16:00:00,LONG,25610.25,25526.25,84.0,25627.05,BE,91.8,1748,2,,True,1.62,True
H_sin_edad_apilamiento2_rrdinamico,2025-12-12 14:15:00,SHORT,25559.75,25636.25,76.5,25544.45,BE,82.8,2481,2,,True,2.32,True
H_sin_edad_apilamiento2_rrdinamico,2025-12-16 16:30:00,LONG,25014.5,24970.5,44.0,25023.3,BE,43.8,5496,2,,True,2.47,True
I_favor_rr_cadena_liquidez,2025-09-24 14:45:00,SHORT,24794.0,24862.5,68.5,24780.3,BE,73.2,217,1,100.0,True,3.04,True
I_favor_rr_cadena_liquidez,2025-09-26 12:15:00,LONG,24647.5,24631.0,16.5,24697.0,TP,288.0,56,0,100.0,True,3.0,True
I_favor_rr_cadena_liquidez,2025-09-26 13:45:00,LONG,24706.5,24631.0,75.5,24631.0,STOP,-462.0,61,0,100.0,True,4.25,True
I_favor_rr_cadena_liquidez,2025-09-26 14:45:00,SHORT,24565.5,24638.25,72.75,24638.25,STOP,-445.5,99,0,100.0,True,1.97,True
I_favor_rr_cadena_liquidez,2025-09-29 15:45:00,SHORT,24849.0,24895.5,46.5,24839.7,BE,46.8,310,1,100.0,True,9.18,True
I_favor_rr_cadena_liquidez,2025-09-30 13:00:00,SHORT,24822.75,24881.75,59.0,24810.95,BE,61.8,611,0,100.0,True,6.79,True
I_favor_rr_cadena_liquidez,2025-09-30 15:45:00,LONG,24810.75,24762.0,48.75,24820.5,BE,49.5,9,1,100.0,True,4.44,True
I_favor_rr_cadena_liquidez,2025-10-03 15:45:00,LONG,25145.25,25104.0,41.25,25104.0,STOP,-256.5,108,0,100.0,True,1.25,True
I_favor_rr_cadena_liquidez,2025-10-06 13:15:00,LONG,25214.25,25168.25,46.0,25168.25,STOP,-285.0,121,0,100.0,True,4.0,False
I_favor_rr_cadena_liquidez,2025-10-06 14:45:00,LONG,25152.75,25086.0,66.75,25241.5,TP,523.5,40,0,100.0,True,1.33,True
I_favor_rr_cadena_liquidez,2025-10-08 13:30:00,LONG,25132.75,25071.25,61.5,25274.75,TP,843.0,211,2,100.0,True,2.31,True
I_favor_rr_cadena_liquidez,2025-10-09 16:45:00,SHORT,25203.75,25262.25,58.5,25192.05,BE,61.2,258,0,100.0,True,10.0,True
I_favor_rr_cadena_liquidez,2025-10-10 13:30:00,LONG,25368.5,25291.75,76.75,25291.75,STOP,-469.5,120,0,100.0,True,4.0,False
I_favor_rr_cadena_liquidez,2025-10-13 13:00:00,LONG,24849.0,24783.5,65.5,24783.5,STOP,-402.0,1448,0,100.0,True,4.0,False
I_favor_rr_cadena_liquidez,2025-10-13 15:45:00,LONG,24892.75,24821.25,71.5,24907.05,BE,76.8,953,1,100.0,True,0.73,True
I_favor_rr_cadena_liquidez,2025-10-16 13:30:00,LONG,25091.5,25034.0,57.5,25034.0,STOP,-354.0,944,1,100.0,True,4.0,False
I_favor_rr_cadena_liquidez,2025-10-16 14:45:00,SHORT,25107.25,25181.75,74.5,25092.35,BE,80.4,831,2,100.0,True,5.96,True
I_favor_rr_cadena_liquidez,2025-10-20 15:15:00,LONG,25321.0,25287.25,33.75,25327.75,BE,31.5,668,1,100.0,True,2.13,True
I_favor_rr_cadena_liquidez,2025-10-20 16:45:00,LONG,25314.75,25249.25,65.5,25327.85,BE,69.6,578,4,100.0,True,1.19,True
I_favor_rr_cadena_liquidez,2025-10-21 13:30:00,SHORT,25256.0,25328.25,72.25,25241.55,BE,77.7,674,0,100.0,True,10.0,True
I_favor_rr_cadena_liquidez,2025-10-21 15:45:00,LONG,25322.75,25263.5,59.25,25334.6,BE,62.1,812,1,100.0,True,1.19,True
I_favor_rr_cadena_liquidez,2025-10-22 14:00:00,SHORT,25211.5,25283.0,71.5,25197.2,BE,76.8,1073,0,100.0,True,10.0,True
I_favor_rr_cadena_liquidez,2025-10-29 14:30:00,SHORT,26278.0,26312.0,34.0,26271.2,BE,31.8,23,0,100.0,True,3.75,True
I_favor_rr_cadena_liquidez,2025-10-31 15:15:00,SHORT,26136.75,26195.75,59.0,26124.95,BE,61.8,41,0,100.0,True,4.0,False
I_favor_rr_cadena_liquidez,2025-11-03 13:30:00,LONG,26175.25,26114.5,60.75,26187.4,BE,63.9,349,0,100.0,True,3.69,True
I_favor_rr_cadena_liquidez,2025-11-05 13:15:00,LONG,25561.25,25512.5,48.75,25571.0,BE,49.5,722,1,100.0,True,2.61,True
I_favor_rr_cadena_liquidez,2025-11-06 13:45:00,SHORT,25767.0,25818.5,51.5,25252.0,TP,3081.0,755,0,100.0,True,10.0,True
I_favor_rr_cadena_liquidez,2025-11-07 13:45:00,LONG,25111.25,25053.0,58.25,25053.0,STOP,-358.5,2086,0,100.0,True,5.62,True
I_favor_rr_cadena_liquidez,2025-11-10 15:30:00,SHORT,25616.5,25680.75,64.25,25603.65,BE,68.1,351,1,100.0,True,5.41,True
I_favor_rr_cadena_liquidez,2025-11-13 14:00:00,SHORT,25462.75,25539.0,76.25,25447.5,BE,82.5,611,0,100.0,True,2.54,True
I_favor_rr_cadena_liquidez,2025-11-13 17:15:00,LONG,25233.75,25169.75,64.0,25169.75,STOP,-393.0,2575,0,100.0,True,4.0,False
I_favor_rr_cadena_liquidez,2025-11-14 13:15:00,SHORT,24709.5,24764.75,55.25,24698.45,BE,57.3,3781,0,100.0,True,4.0,False
I_favor_rr_cadena_liquidez,2025-11-17 13:15:00,LONG,25097.5,25011.5,86.0,25011.5,STOP,-525.0,2026,4,100.0,True,10.0,True
I_favor_rr_cadena_liquidez,2025-11-19 16:45:00,LONG,24715.0,24646.75,68.25,24646.75,STOP,-418.5,3992,1,100.0,True,4.0,False
I_favor_rr_cadena_liquidez,2025-11-20 13:30:00,LONG,25197.25,25127.0,70.25,25211.3,BE,75.3,41,0,100.0,True,10.0,True
I_favor_rr_cadena_liquidez,2025-11-24 14:00:00,LONG,24570.0,24492.75,77.25,24585.45,BE,83.7,304,2,100.0,True,0.38,True
I_favor_rr_cadena_liquidez,2025-11-25 16:15:00,LONG,24854.25,24772.0,82.25,24870.7,BE,89.7,4068,0,100.0,True,1.69,True
I_favor_rr_cadena_liquidez,2025-11-25 17:15:00,LONG,24991.25,24895.5,95.75,25010.4,BE,105.9,4248,0,100.0,True,4.0,False
I_favor_rr_cadena_liquidez,2025-11-26 13:45:00,LONG,25215.0,25177.5,37.5,25177.5,STOP,-234.0,3327,0,100.0,True,3.92,True
I_favor_rr_cadena_liquidez,2025-11-26 15:30:00,LONG,25224.5,25182.25,42.25,25362.0,TP,816.0,3402,0,100.0,True,3.25,True
I_favor_rr_cadena_liquidez,2025-11-26 17:30:00,LONG,25366.75,25292.25,74.5,25292.25,STOP,-456.0,3170,1,100.0,True,10.0,True
I_favor_rr_cadena_liquidez,2025-11-27 13:30:00,LONG,25311.0,25263.5,47.5,25320.5,BE,48.0,3297,1,100.0,True,10.0,True
I_favor_rr_cadena_liquidez,2025-12-01 16:15:00,LONG,25380.75,25306.25,74.5,25395.65,BE,80.4,3358,1,100.0,True,10.0,True
I_favor_rr_cadena_liquidez,2025-12-02 15:30:00,LONG,25622.0,25526.0,96.0,25641.2,BE,106.2,1407,0,100.0,True,8.1,True
I_favor_rr_cadena_liquidez,2025-12-03 15:45:00,SHORT,25562.5,25648.75,86.25,25545.25,BE,94.5,1279,0,100.0,True,7.24,True
I_favor_rr_cadena_liquidez,2025-12-03 17:00:00,LONG,25597.75,25532.75,65.0,25610.75,BE,69.0,1506,0,100.0,True,10.0,True
I_favor_rr_cadena_liquidez,2025-12-08 14:15:00,SHORT,25791.25,25821.5,30.25,25821.5,STOP,-190.5,1585,1,100.0,True,7.02,True
I_favor_rr_cadena_liquidez,2025-12-09 17:45:00,LONG,25717.25,25678.0,39.25,25725.1,BE,38.1,2090,0,100.0,True,4.0,False
I_favor_rr_cadena_liquidez,2025-12-10 14:15:00,SHORT,25647.25,25678.75,31.5,25640.95,BE,28.8,487,1,100.0,True,10.0,True
I_favor_rr_cadena_liquidez,2025-12-10 16:15:00,LONG,25647.25,25603.0,44.25,25656.1,BE,44.1,517,0,100.0,True,5.57,True
I_favor_rr_cadena_liquidez,2025-12-11 14:00:00,LONG,25668.75,25626.25,42.5,25626.25,STOP,-264.0,2252,0,100.0,True,5.29,True
I_favor_rr_cadena_liquidez,2025-12-11 17:15:00,LONG,25604.25,25542.0,62.25,25616.7,BE,65.7,1842,2,100.0,True,10.0,True
I_favor_rr_cadena_liquidez,2025-12-15 13:30:00,LONG,25357.75,25306.25,51.5,25368.05,BE,52.8,4273,1,100.0,True,0.2,True
I_favor_rr_cadena_liquidez,2025-12-16 17:45:00,SHORT,24960.5,25029.25,68.75,24946.75,BE,73.5,4135,0,100.0,True,1.96,True
I_favor_rr_cadena_liquidez,2025-12-17 14:00:00,SHORT,25187.75,25276.25,88.5,25170.05,BE,97.2,4432,0,100.0,True,10.0,True
J_favor_rr_cadena_solo_extiende,2025-09-24 14:45:00,SHORT,24794.0,24862.5,68.5,24780.3,BE,73.2,217,1,100.0,True,4.0,False
J_favor_rr_cadena_solo_extiende,2025-09-26 12:15:00,LONG,24647.5,24631.0,16.5,24713.5,TP,387.0,56,0,100.0,True,4.0,False
J_favor_rr_cadena_solo_extiende,2025-09-26 13:45:00,LONG,24706.5,24631.0,75.5,24631.0,STOP,-462.0,61,0,100.0,True,4.25,True
J_favor_rr_cadena_solo_extiende,2025-09-26 14:45:00,SHORT,24565.5,24638.25,72.75,24638.25,STOP,-445.5,99,0,100.0,True,4.0,False
J_favor_rr_cadena_solo_extiende,2025-09-29 15:45:00,SHORT,24849.0,24895.5,46.5,24839.7,BE,46.8,310,1,100.0,True,9.18,True
J_favor_rr_cadena_solo_extiende,2025-09-30 13:00:00,SHORT,24822.75,24881.75,59.0,24810.95,BE,61.8,611,0,100.0,True,6.79,True
J_favor_rr_cadena_solo_extiende,2025-09-30 15:45:00,LONG,24810.75,24762.0,48.75,24820.5,BE,49.5,9,1,100.0,True,4.44,True
J_favor_rr_cadena_solo_extiende,2025-10-03 15:45:00,LONG,25145.25,25104.0,41.25,25104.0,STOP,-256.5,108,0,100.0,True,4.0,False
J_favor_rr_cadena_solo_extiende,2025-10-06 13:15:00,LONG,25214.25,25168.25,46.0,25168.25,STOP,-285.0,121,0,100.0,True,4.0,False
J_favor_rr_cadena_solo_extiende,2025-10-06 14:45:00,LONG,25152.75,25086.0,66.75,25166.1,BE,71.1,40,0,100.0,True,4.0,False
J_favor_rr_cadena_solo_extiende,2025-10-08 13:30:00,LONG,25132.75,25071.25,61.5,25378.75,TP,1467.0,211,2,100.0,True,4.0,False
J_favor_rr_cadena_solo_extiende,2025-10-09 16:45:00,SHORT,25203.75,25262.25,58.5,25192.05,BE,61.2,258,0,100.0,True,10.0,True
J_favor_rr_cadena_solo_extiende,2025-10-10 13:30:00,LONG,25368.5,25291.75,76.75,25291.75,STOP,-469.5,120,0,100.0,True,4.0,False
J_favor_rr_cadena_solo_extiende,2025-10-13 13:00:00,LONG,24849.0,24783.5,65.5,24783.5,STOP,-402.0,1448,0,100.0,True,4.0,False
J_favor_rr_cadena_solo_extiende,2025-10-13 15:45:00,LONG,24892.75,24821.25,71.5,24907.05,BE,76.8,953,1,100.0,True,4.0,False
J_favor_rr_cadena_solo_extiende,2025-10-16 13:30:00,LONG,25091.5,25034.0,57.5,25034.0,STOP,-354.0,944,1,100.0,True,4.0,False
J_favor_rr_cadena_solo_extiende,2025-10-16 14:45:00,SHORT,25107.25,25181.75,74.5,25092.35,BE,80.4,831,2,100.0,True,5.96,True
J_favor_rr_cadena_solo_extiende,2025-10-20 15:15:00,LONG,25321.0,25287.25,33.75,25327.75,BE,31.5,668,1,100.0,True,4.0,False
J_favor_rr_cadena_solo_extiende,2025-10-20 16:45:00,LONG,25314.75,25249.25,65.5,25327.85,BE,69.6,578,4,100.0,True,4.0,False
J_favor_rr_cadena_solo_extiende,2025-10-21 13:30:00,SHORT,25256.0,25328.25,72.25,25241.55,BE,77.7,674,0,100.0,True,10.0,True
J_favor_rr_cadena_solo_extiende,2025-10-21 15:45:00,LONG,25322.75,25263.5,59.25,25334.6,BE,62.1,812,1,100.0,True,4.0,False
J_favor_rr_cadena_solo_extiende,2025-10-22 14:00:00,SHORT,25211.5,25283.0,71.5,25197.2,BE,76.8,1073,0,100.0,True,10.0,True
J_favor_rr_cadena_solo_extiende,2025-10-29 14:30:00,SHORT,26278.0,26312.0,34.0,26271.2,BE,31.8,23,0,100.0,True,4.0,False
J_favor_rr_cadena_solo_extiende,2025-10-31 15:15:00,SHORT,26136.75,26195.75,59.0,26124.95,BE,61.8,41,0,100.0,True,4.0,False
J_favor_rr_cadena_solo_extiende,2025-11-03 13:30:00,LONG,26175.25,26114.5,60.75,26187.4,BE,63.9,349,0,100.0,True,4.0,False
J_favor_rr_cadena_solo_extiende,2025-11-05 13:15:00,LONG,25561.25,25512.5,48.75,25571.0,BE,49.5,722,1,100.0,True,4.0,False
J_favor_rr_cadena_solo_extiende,2025-11-06 13:45:00,SHORT,25767.0,25818.5,51.5,25252.0,TP,3081.0,755,0,100.0,True,10.0,True
J_favor_rr_cadena_solo_extiende,2025-11-07 13:45:00,LONG,25111.25,25053.0,58.25,25053.0,STOP,-358.5,2086,0,100.0,True,5.62,True
J_favor_rr_cadena_solo_extiende,2025-11-10 15:30:00,SHORT,25616.5,25680.75,64.25,25603.65,BE,68.1,351,1,100.0,True,5.41,True
J_favor_rr_cadena_solo_extiende,2025-11-13 14:00:00,SHORT,25462.75,25539.0,76.25,25447.5,BE,82.5,611,0,100.0,True,4.0,False
J_favor_rr_cadena_solo_extiende,2025-11-13 17:15:00,LONG,25233.75,25169.75,64.0,25169.75,STOP,-393.0,2575,0,100.0,True,4.0,False
J_favor_rr_cadena_solo_extiende,2025-11-14 13:15:00,SHORT,24709.5,24764.75,55.25,24698.45,BE,57.3,3781,0,100.0,True,4.0,False
J_favor_rr_cadena_solo_extiende,2025-11-17 13:15:00,LONG,25097.5,25011.5,86.0,25011.5,STOP,-525.0,2026,4,100.0,True,10.0,True
J_favor_rr_cadena_solo_extiende,2025-11-19 16:45:00,LONG,24715.0,24646.75,68.25,24646.75,STOP,-418.5,3992,1,100.0,True,4.0,False
J_favor_rr_cadena_solo_extiende,2025-11-20 13:30:00,LONG,25197.25,25127.0,70.25,25211.3,BE,75.3,41,0,100.0,True,10.0,True
J_favor_rr_cadena_solo_extiende,2025-11-24 14:00:00,LONG,24570.0,24492.75,77.25,24585.45,BE,83.7,304,2,100.0,True,4.0,False
J_favor_rr_cadena_solo_extiende,2025-11-25 16:15:00,LONG,24854.25,24772.0,82.25,24870.7,BE,89.7,4068,0,100.0,True,4.0,False
J_favor_rr_cadena_solo_extiende,2025-11-25 17:15:00,LONG,24991.25,24895.5,95.75,25010.4,BE,105.9,4248,0,100.0,True,4.0,False
J_favor_rr_cadena_solo_extiende,2025-11-26 13:45:00,LONG,25215.0,25177.5,37.5,25177.5,STOP,-234.0,3327,0,100.0,True,4.0,False
J_favor_rr_cadena_solo_extiende,2025-11-26 15:30:00,LONG,25224.5,25182.25,42.25,25393.5,TP,1005.0,3402,0,100.0,True,4.0,False
J_favor_rr_cadena_solo_extiende,2025-11-28 15:30:00,LONG,25389.25,25357.25,32.0,25395.65,BE,29.4,3322,0,100.0,True,4.0,False
J_favor_rr_cadena_solo_extiende,2025-12-01 16:15:00,LONG,25380.75,25306.25,74.5,25395.65,BE,80.4,3358,1,100.0,True,10.0,True
J_favor_rr_cadena_solo_extiende,2025-12-02 15:30:00,LONG,25622.0,25526.0,96.0,25641.2,BE,106.2,1407,0,100.0,True,8.1,True
J_favor_rr_cadena_solo_extiende,2025-12-03 15:45:00,SHORT,25562.5,25648.75,86.25,25545.25,BE,94.5,1279,0,100.0,True,7.24,True
J_favor_rr_cadena_solo_extiende,2025-12-03 17:00:00,LONG,25597.75,25532.75,65.0,25610.75,BE,69.0,1506,0,100.0,True,10.0,True
J_favor_rr_cadena_solo_extiende,2025-12-08 14:15:00,SHORT,25791.25,25821.5,30.25,25821.5,STOP,-190.5,1585,1,100.0,True,7.02,True
J_favor_rr_cadena_solo_extiende,2025-12-09 17:45:00,LONG,25717.25,25678.0,39.25,25725.1,BE,38.1,2090,0,100.0,True,4.0,False
J_favor_rr_cadena_solo_extiende,2025-12-10 14:15:00,SHORT,25647.25,25678.75,31.5,25640.95,BE,28.8,487,1,100.0,True,10.0,True
J_favor_rr_cadena_solo_extiende,2025-12-10 16:15:00,LONG,25647.25,25603.0,44.25,25656.1,BE,44.1,517,0,100.0,True,5.57,True
J_favor_rr_cadena_solo_extiende,2025-12-11 14:00:00,LONG,25668.75,25626.25,42.5,25626.25,STOP,-264.0,2252,0,100.0,True,5.29,True
J_favor_rr_cadena_solo_extiende,2025-12-11 17:15:00,LONG,25604.25,25542.0,62.25,25616.7,BE,65.7,1842,2,100.0,True,10.0,True
J_favor_rr_cadena_solo_extiende,2025-12-15 13:30:00,LONG,25357.75,25306.25,51.5,25368.05,BE,52.8,4273,1,100.0,True,4.0,False
J_favor_rr_cadena_solo_extiende,2025-12-16 17:45:00,SHORT,24960.5,25029.25,68.75,24946.75,BE,73.5,4135,0,100.0,True,4.0,False
J_favor_rr_cadena_solo_extiende,2025-12-17 14:00:00,SHORT,25187.75,25276.25,88.5,25170.05,BE,97.2,4432,0,100.0,True,10.0,True
